{
  "poison_type": "label",
  "poison_frac": 0.5,
  "test_accuracy": 0.5333333333333333,
  "val_accuracy": 0.4166666666666667,
  "test_precision": 0.4148148148148148,
  "test_recall": 0.5333333333333333,
  "test_f1": 0.45714285714285713,
  "n_train_total": 120,
  "n_poisoned": 60
}