{
  "poison_type": "label",
  "poison_frac": 0.1,
  "test_accuracy": 0.9333333333333333,
  "val_accuracy": 0.9166666666666666,
  "test_precision": 0.9333333333333332,
  "test_recall": 0.9333333333333332,
  "test_f1": 0.9333333333333332,
  "n_train_total": 120,
  "n_poisoned": 12
}