{
  "poison_type": "feature",
  "poison_frac": 0.1,
  "test_accuracy": 0.7333333333333333,
  "val_accuracy": 0.8333333333333334,
  "test_precision": 0.746031746031746,
  "test_recall": 0.7333333333333334,
  "test_f1": 0.7222222222222222,
  "n_train_total": 120,
  "n_poisoned": 12
}